Workbook
Name Cantidad: DATOS!$E$2:$E$1498
Name Distribuidor: DATOS!$C$2:$C$1498
Name Fecha: DATOS!#REF!
Name Marca: DATOS!$D$2:$D$1498
Name Operador: DATOS!#REF!
Name País: DATOS!$B$2:$B$1498
Name Precio: DATOS!$F$2:$F$1498
Name SegmentaciónDeDatos_Centro: #N/A
Name SegmentaciónDeDatos_Producto: #N/A
Name SegmentaciónDeDatos_Provincia: #N/A
Name Ventas: DATOS!$B$1:$F$1498

Sheet ExampleTable
A3: Sum of Cantidad | B3: Column Labels
A4: Row Labels | B4: Aspiradora | C4: Frigorifico | D4: Home Cinema | E4: Lavadora 8 Kg | F4: TV 32 pulgadas | G4: Grand Total
A5: Albacete | B5: 1063 | C5: 630 | D5: 169 | E5: 610 | F5: 589 | G5: 3061
A6: Almeria | B6: 1002 | C6: 663 | D6: 369 | E6: 347 | F6: 433 | G6: 2814
A7: Asturias | B7: 1498 | C7: 1441 | D7: 511 | E7: 189 | F7: 392 | G7: 4031
A8: Grand Total | B8: 3563 | C8: 2734 | D8: 1049 | E8: 1146 | F8: 1414 | G8: 9906

Sheet DATOS
A1: Fecha | B1: Provincia | C1: Centro | D1: Producto | E1: Cantidad | F1: Precio | G1: Total
A2: 41168 | B2: Sevilla | C2: El corte ingles | D2: Home Cinema | E2: 13 | F2: 650 | G2: =DATOS!$E2*DATOS!$F2 -> 8450
A3: 40674 | B3: Sevilla | C3: C.C. Nervion | D3: TV 32 pulgadas | E3: {=nod} -> #NAME? | F3: 1200 | G3: =DATOS!$E3*DATOS!$F3 -> #NAME?
A4: 41143 | B4: Sevilla | C4: Supermercados MAS | D4: TV 32 pulgadas | E4: 20 | F4: 1200 | G4: =DATOS!$E4*DATOS!$F4 -> 24000
A5: 41050 | B5: Sevilla | C5: Metromar | D5: Frigorifico | E5: 64 | F5: 800 | G5: =DATOS!$E5*DATOS!$F5 -> 51200
A6: 41365 | B6: Sevilla | C6: El corte ingles | D6: Frigorifico | E6: 58 | F6: 800 | G6: =DATOS!$E6*DATOS!$F6 -> 46400
A7: 41542 | B7: Sevilla | C7: Supermercados MAS | D7: Frigorifico | E7: 18 | F7: 800 | G7: =DATOS!$E7*DATOS!$F7 -> 14400
A8: 41332 | B8: Sevilla | C8: Supermercados MAS | D8: Aspiradora | E8: 9 | F8: 950 | G8: =DATOS!$E8*DATOS!$F8 -> 8550
A9: 41468 | B9: Sevilla | C9: Supermercados MAS | D9: Lavadora 8 Kg | E9: 18 | F9: 450 | G9: =DATOS!$E9*DATOS!$F9 -> 8100
A10: 41981 | B10: Sevilla | C10: C.C. Vicar | D10: Home Cinema | E10: 51 | F10: 650 | G10: =DATOS!$E10*DATOS!$F10 -> 33150
A11: 41902 | B11: Sevilla | C11: C.C. Vicar | D11: Frigorifico | E11: 27 | F11: 800 | G11: =DATOS!$E11*DATOS!$F11 -> 21600
A12: 41136 | B12: Sevilla | C12: Carrefour | D12: Frigorifico | E12: 26 | F12: 800 | G12: =DATOS!$E12*DATOS!$F12 -> 20800
A13: 40550 | B13: Sevilla | C13: C.C. Vicar | D13: TV 32 pulgadas | E13: 36 | F13: 1200 | G13: =DATOS!$E13*DATOS!$F13 -> 43200
A14: 41223 | B14: Sevilla | C14: El corte ingles | D14: Aspiradora | E14: 27 | F14: 950 | G14: =DATOS!$E14*DATOS!$F14 -> 25650
A15: 41235 | B15: Sevilla | C15: Supermercados MAS | D15: Aspiradora | E15: 13 | F15: 950 | G15: =DATOS!$E15*DATOS!$F15 -> 12350
... A1498: 41013 | B1498: Caceres | C1498: Carrefour | D1498: Aspiradora | E1498: 37 | F1498: 820 | G1498: =DATOS!$E1498*DATOS!$F1498 -> 30340

Sheet ExampleTableforFilter
A3: Sum of Cantidad | B3: Producto | C3: Years (Fecha)
B4: Aspiradora | G4: Aspiradora Total | H4: Frigorifico | M4: Frigorifico Total | N4: Home Cinema | S4: Home Cinema Total | T4: Lavadora 8 Kg | Y4: Lavadora 8 Kg Total | Z4: TV 32 pulgadas | AE4: TV 32 pulgadas Total | AF4: Grand Total
A5: Centro | B5: 2010 | C5: 2011 | D5: 2012 | E5: 2013 | F5: 2014 | H5: 2010 | I5: 2011 | J5: 2012 | K5: 2013 | L5: 2014 | N5: 2010 | O5: 2011 | P5: 2012 | Q5: 2013 | R5: 2014 | T5: 2010 | U5: 2011 | V5: 2012 | W5: 2013 | X5: 2014 | Z5: 2010 | AA5: 2011 | AB5: 2012 | AC5: 2013 | AD5: 2014
A6: C.C. Nervion | B6: 452.88449 | C6: 421.33304 | D6: 504.48178 | E6: 412.08678 | F6: 549.3824 | G6: 2340.1685 | H6: 355.2748 | I6: 513.9077 | J6: 409.99132 | K6: 560.9014 | L6: 572.44514 | M6: 2412.5204 | N6: 263.70386 | O6: 170.39056 | P6: 223.99634 | Q6: 249.44887 | R6: 163.18802 | S6: 1070.7277 | T6: 126 | U6: 103 | V6: 35 | W6: 94 | X6: 12 | Y6: 370 | Z6: 631.5863 | AA6: 312.42534 | AB6: 279.69885 | AC6: 448.59073 | AD6: 793.14162 | AE6: 2465.4428 | AF6: 8658.8593
A7: C.C. Vicar | B7: 1084.6337 | C7: 1319.5876 | D7: 1900.2326 | E7: 1221.8336 | F7: 760.68805 | G7: 6286.9755 | H7: 1439.5839 | I7: 1495.8376 | J7: 659.45195 | K7: 1280.5984 | L7: 1137.2508 | M7: 6012.7226 | N7: 164.58675 | O7: 851.53378 | P7: 386.23945 | Q7: 66 | R7: 1220.2197 | S7: 2688.5797 | T7: 606.51842 | U7: 503.22286 | V7: 348 | W7: 287.44437 | X7: 913.98997 | Y7: 2659.1756 | Z7: 608.15717 | AA7: 1193.5419 | AB7: 594.99184 | AC7: 562.67667 | AD7: 438.04011 | AE7: 3397.4077 | AF7: 21044.861
A8: Carrefour | B8: 825.10201 | C8: 1524.8547 | D8: 1181.5641 | E8: 1027.9249 | F8: 1625.9429 | G8: 6185.3885 | H8: 641.45832 | I8: 1318.908 | J8: 1269.1712 | K8: 1072.947 | L8: 984.30199 | M8: 5286.7865 | N8: 787.82362 | O8: 1107.4507 | P8: 540.0153 | Q8: 200 | R8: 538 | S8: 3173.2896 | T8: 415.81777 | U8: 472 | V8: 81 | W8: 64.308286 | X8: 256 | Y8: 1289.1261 | Z8: 671 | AA8: 387.51212 | AB8: 233 | AC8: 504 | AD8: 413.24947 | AE8: 2208.7616 | AF8: 18143.352
A9: El corte ingles | B9: 1057.0282 | C9: 960.12638 | D9: 935.07315 | E9: 1240.3109 | F9: 843.80717 | G9: 5036.3458 | H9: 886.73626 | I9: 817.52793 | J9: 323.80646 | K9: 652.46738 | L9: 473.60892 | M9: 3154.147 | N9: 564.16032 | O9: 388.16591 | P9: 265.56907 | Q9: 239.14508 | R9: 130 | S9: 1587.0404 | T9: 203 | U9: 371.80774 | V9: 212 | W9: 35 | X9: 158 | Y9: 979.80774 | Z9: 668.12875 | AA9: 207.39686 | AB9: 405.72418 | AC9: 615.6482 | AD9: 631.74758 | AE9: 2528.6456 | AF9: 13285.986
A10: Metromar | B10: 504 | C10: 1064.3521 | D10: 613.1382 | E10: 613.06853 | F10: 1156.8788 | G10: 3951.4376 | H10: 1195.5862 | I10: 754.6376 | J10: 451.86109 | K10: 794.25712 | L10: 800.74134 | M10: 3997.0834 | N10: 226 | O10: 355.13107 | P10: 288.42039 | Q10: 294 | R10: 591.21598 | S10: 1754.7674 | T10: 199.29247 | U10: 171.47599 | V10: 198 | W10: 648.02346 | X10: 49 | Y10: 1265.7919 | Z10: 711.94382 | AA10: 643.34306 | AB10: 247.13557 | AC10: 535 | AD10: 369 | AE10: 2506.4225 | AF10: 13475.503
A11: Supermercados MAS | B11: 428.05136 | C11: 206.36023 | D11: 676.76435 | E11: 348.42168 | F11: 372.93572 | G11: 2032.5333 | H11: 275.83307 | I11: 372.22813 | J11: 161.99949 | K11: 431.56727 | L11: 131.9032 | M11: 1373.5312 | N11: 21 | O11: 116 | P11: 240.40586 | Q11: 49 | R11: 87.374752 | S11: 513.78062 | T11: 214.72418 | U11: 63.938035 | V11: 212.89188 | W11: 174.8096 | X11: 89 | Y11: 755.3637 | Z11: 148.56463 | AA11: 112 | AB11: 348.33754 | AC11: 351.16038 | AD11: 195.17986 | AE11: 1155.2424 | AF11: 5830.4512
A12: Grand Total | B12: 4351.6998 | C12: 5496.614 | D12: 5811.2542 | E12: 4863.6463 | F12: 5309.635 | G12: 25832.849 | H12: 4794.4725 | I12: 5273.0469 | J12: 3276.2815 | K12: 4792.7386 | L12: 4100.2514 | M12: 22236.791 | N12: 2027.2745 | O12: 2988.672 | P12: 1944.6464 | Q12: 1097.5939 | R12: 2729.9985 | S12: 10788.185 | T12: 1765.3528 | U12: 1685.4446 | V12: 1086.8919 | W12: 1303.5857 | X12: 1477.99 | Y12: 7319.265 | Z12: 3439.3807 | AA12: 2856.2193 | AB12: 2108.888 | AC12: 3017.076 | AD12: 2840.3586 | AE12: 14261.923 | AF12: 80439.013

Sheet td
A3: Etiquetas de fila | B3: Suma de Cantidad | E3: Etiquetas de fila | F3: Suma de Cantidad | I3: Etiquetas de fila | J3: Suma de Cantidad
A4: Albacete | B4: 3061 | E4: C.C. Nervion | F4: 8658.8593 | I4: Aspiradora | J4: 25869.849
A5: Almeria | B5: 2814 | E5: C.C. Vicar | F5: 21044.861 | I5: Frigorifico | J5: 22236.791
A6: Asturias | B6: 4031 | E6: Carrefour | F6: 18180.352 | I6: Home Cinema | J6: 10788.185
A7: Badajoz | B7: 3232 | E7: El corte ingles | F7: 13285.986 | I7: Lavadora 8 Kg | J7: 7319.265
A8: Caceres | B8: 2601 | E8: Metromar | F8: 13475.503 | I8: TV 32 pulgadas | J8: 14261.923
A9: Cadiz | B9: 2961 | E9: Supermercados MAS | F9: 5830.4512
A10: Cordoba | B10: 7830.6781
A11: Granada | B11: 3919
A12: Huelva | B12: 7607.5919
A13: Jaen | B13: 6313.7646
A14: Leon | B14: 2751
A15: Lerida | B15: 2809
A16: Madrid | B16: 3064
A17: Malaga | B17: 904.61915
A18: Murcia | B18: 3236
A19: Sevilla | B19: 10760.359
A20: Tarragona | B20: 2452
A21: Toledo | B21: 3428
... A23: Zaragoza | B23: 3425

Sheet vinculada
N3: Provincia | P3: C:Comercial | R3: Producto | S3: Total
N4: {=IFERROR(INDEX(td!$A:$A,IF(td!$A$4:$A$40<>"",ROW($A$4:$A$40),"")),"")} -> Albacete | O4: =IFERROR(_xlfn.XLOOKUP(N4,td!A:A,td!B:B),"") -> 3061 | P4: {=IFERROR(INDEX(td!$E:$E,IF(td!$E$4:$E$9<>"",ROW($E$4:$E$9),"")),"")} -> C.C. Nervion | Q4: =IFERROR(_xlfn.XLOOKUP(P4,td!E:E,td!F:F),"") -> 8658.8593 | R4: {=IFERROR(INDEX(td!$I:$I,IF(td!$I$4:$I$8<>"",ROW($I$4:$I$8),"")),"")} -> Aspiradora | S4: =IFERROR(_xlfn.XLOOKUP(R4,td!I:I,td!J:J),"") -> 25869.849
N5: Almeria | O5: =IFERROR(_xlfn.XLOOKUP(N5,td!A:A,td!B:B),"") -> 2814 | P5: C.C. Vicar | Q5: =IFERROR(_xlfn.XLOOKUP(P5,td!E:E,td!F:F),"") -> 21044.861 | R5: Frigorifico | S5: =IFERROR(_xlfn.XLOOKUP(R5,td!I:I,td!J:J),"") -> 22236.791
N6: Asturias | O6: =IFERROR(_xlfn.XLOOKUP(N6,td!A:A,td!B:B),"") -> 4031 | P6: Carrefour | Q6: =IFERROR(_xlfn.XLOOKUP(P6,td!E:E,td!F:F),"") -> 18180.352 | R6: Home Cinema | S6: =IFERROR(_xlfn.XLOOKUP(R6,td!I:I,td!J:J),"") -> 10788.185
N7: Badajoz | O7: =IFERROR(_xlfn.XLOOKUP(N7,td!A:A,td!B:B),"") -> 3232 | P7: El corte ingles | Q7: =IFERROR(_xlfn.XLOOKUP(P7,td!E:E,td!F:F),"") -> 13285.986 | R7: Lavadora 8 Kg | S7: =IFERROR(_xlfn.XLOOKUP(R7,td!I:I,td!J:J),"") -> 7319.265
N8: Caceres | O8: =IFERROR(_xlfn.XLOOKUP(N8,td!A:A,td!B:B),"") -> 2601 | P8: Metromar | Q8: =IFERROR(_xlfn.XLOOKUP(P8,td!E:E,td!F:F),"") -> 13475.503 | R8: TV 32 pulgadas | S8: =IFERROR(_xlfn.XLOOKUP(R8,td!I:I,td!J:J),"") -> 14261.923
N9: Cadiz | O9: =IFERROR(_xlfn.XLOOKUP(N9,td!A:A,td!B:B),"") -> 2961 | P9: Supermercados MAS | Q9: =IFERROR(_xlfn.XLOOKUP(P9,td!E:E,td!F:F),"") -> 5830.4512
N10: Cordoba | O10: =IFERROR(_xlfn.XLOOKUP(N10,td!A:A,td!B:B),"") -> 7830.6781
N11: Granada | O11: =IFERROR(_xlfn.XLOOKUP(N11,td!A:A,td!B:B),"") -> 3919
N12: Huelva | O12: =IFERROR(_xlfn.XLOOKUP(N12,td!A:A,td!B:B),"") -> 7607.5919
N13: Jaen | O13: =IFERROR(_xlfn.XLOOKUP(N13,td!A:A,td!B:B),"") -> 6313.7646
N14: Leon | O14: =IFERROR(_xlfn.XLOOKUP(N14,td!A:A,td!B:B),"") -> 2751
N15: Lerida | O15: =IFERROR(_xlfn.XLOOKUP(N15,td!A:A,td!B:B),"") -> 2809
N16: Madrid | O16: =IFERROR(_xlfn.XLOOKUP(N16,td!A:A,td!B:B),"") -> 3064
N17: Malaga | O17: =IFERROR(_xlfn.XLOOKUP(N17,td!A:A,td!B:B),"") -> 904.61915
N18: Murcia | O18: =IFERROR(_xlfn.XLOOKUP(N18,td!A:A,td!B:B),"") -> 3236
N19: Sevilla | O19: =IFERROR(_xlfn.XLOOKUP(N19,td!A:A,td!B:B),"") -> 10760.359
N20: Tarragona | O20: =IFERROR(_xlfn.XLOOKUP(N20,td!A:A,td!B:B),"") -> 2452
N21: Toledo | O21: =IFERROR(_xlfn.XLOOKUP(N21,td!A:A,td!B:B),"") -> 3428
... N23: Zaragoza | O23: =IFERROR(_xlfn.XLOOKUP(N23,td!A:A,td!B:B),"") -> 3425
